{"pitch": [-2.913872964484335, 11.354823011825863, 207.85963828019274, 46.90553096552415], "energy": [-1.4111032485961914, 8.389410972595215, 37.37046733154747, 26.430983761838707]}